SKU,status
gfd55essnww,added
ptd60ebprdg,added
wh46dbh500eva3,added
gfd55essnww,added
ptd60ebprdg,added
wh46dbh500eva3,added
dle3470w,added
wa46cg3505av,added
flce7522aw,added
wa55cg7100av,added
wa54cg7105av,added
dle6100w,added
wt6100cw,added
ptw600bprdg,added
ns-twm35w1,added
dve45b6300w,added
dve45t6000v/a3,added
ns-twm41wh8a,added
ns-tdre67w1,added
dle3470w,added
gfd55essnww,added
dle6100w,added
ptd60ebprdg,added
skk-8k,added
wa45t3200aw,added
ns-fdre67wh8a,added
gtw485aswwb,added
wa55cg7500ae,added
wf50bg8300avus,added
wa52dg5500aw,added
wm3470cw,added
dv25b6900ew/a2,added
wh46dbh500eva3,added
wke100hwa,added
dve47cg3500v,added
dve45b6300c,added
wke100hva,added
wd53dba900hza1,added
wm6998hba,added
pfq97hspvds,added
elte7300aw,added
dvg50b5100v/a3,added
wh46dbh100ewa3,added
wkex200hba,added
wh53dbh700efa3,added
kstk4,added
dve55cg7100v,added
gfd65espvds,added
dve47cg3500v,added
dle3470w,added
wed5010lw,added
dle7150w,added
skk-8k,added
dlex5500v,added
dle8400we,added
dve45t3200w,added
dve50b5100v/a3,added
dve47cg3500w,added
gtd42easjww,added
med4500mw,added
pfd87espvrs,added
dlex6500b,added
ns-flwdpw3,added
dve45t3200w,added
wed6150pw,added
dve52a5500w/a3,added
dve50r5200w/a3,added
dve54cg7150d,added
dve55a7300e/a3,added
dve55a7300e/a3,added
dve55cg7500e,added
wed5605mc,added
dlex4000b,added
dlex6700b,added
dle3400w,added
dle7000w,added
dve41a3000w/a3,added
wed4950hw,added
dve50bg8300va3,added
wed4950hw,added
dve55a7700v/a3,added
gfa28kitn,added
dv25b6900ew/a2,added
dve50bg8300va3,added
dve51cg8000v,added
dve60a9900v/a3,added
dve53bb8900da3,added
gfd85essnww,added
dle7400ve,added
gtd38easwws,added
dlex5500v,added
elfe7337aw,added
wed5050lw,added
med5630mbk,added
elfe7637at,added
gtd48easwwb,added
wed8127lc,added
dlex8900b,added
dve53bb8700va3,added
dlex6500b,added
dve53bb8700va3,added
dlhc1455w,added
med7230hw,added
elfe7437aw,added
ptd90ebptrs,added
wkex200hga,added
gtd58ebsvws,added
gfd14essnww,added
ned4655ew,added
dlhc5502w,added
wed6605mc,added
wkex300hba,added
bced15,added
dve51cg8000w,added
med5430mw,added
dlex4200w,added
elfe4222aw,added
ptd70ebptdg,added
dlex7900we,added
gft14essmww,added
dve53bb8700ta3,added
dv25b6900hw/a2,added
med5630hw,added
elfe7537at,added
kstk2,added
dve45t6000v,added
dve55cg7100w,added
gtx33easkww,added
med6230hc,added
medc465hw,added
wed4850hw,added
ldr3822pq,added
dle7150w,added
dve45b6300p/a3,added
pfd95esptds,added
cem2745fq,added
dve45t3400v/a3,added
bced37,added
wkex200hga,added
dc5003we,added
wed4850hw,added
skk-9ald,added
kstk1,added
dle3600w,added
htx24easkws,added
dsks333ecww,added
wed5620hw,added
dlex6700b,added
dskp333ecww,added
med6500mw,added
bwds,added
ns-fdre80w3,added
wkex300hba,added
dve53bb8700va3,added
gfd65espnsn,added
med5030mw,added
dlex9500k,added
dve45t6000w,added
gfa24kitl,added
ns-fdre44w1,added
dk6-2,added
gfd55esprrs,added
htx26easwww,added
ffre4120sw,added
whd862chc,added
med4500mw,added
wed6150pw,added
gtd45easjws,added
wed4950hw,added
whd862chc,added
etd48easwwb,added
dve45t6020w/a3,added
csp2970hq,added
wed9620hw,added
wed8620hw,added
bced26,added
ced9160gw,added
ned5800hw,added
ced9150gw,added
wed9620hw,added
dve53bb8900ta3,added
med5030mw,added
ned4655ew,added
csp2940hq,added
medp585gw,added
xhp1000xw,added
cem2795jq,added
dve45r6100p,added
dve54cg7150w,added
med5430pbk,added
ced9150gw,added
cem2795jq,added
gfv55essnww,added
cem2745fq,added
med6230hw,added
whd560chw,added
dve46bg6500va3,added
dve41a3000w/a3,added
wed560lhw,added
dv53bb8900hda2,added
whd560chw,added
med6630hw,added
dve55cg7100w,added
dve47cg3500w,added
wed8620hw,added
gtx38easwws,added
dve50a8600v/a3,added
dve51cg8000w,added
gfq14essnww,added
med7230hw,added
bdfh44m,added
csp2940hq,added
dv25b6900hw/a2,added
gud27essmww,added
ced9160gw,added
dve50bg8300ea3,added
elte7300aw,added
wkhc252hwa,added
wkhc152hwa,added
wm3555hva,added
dve46bb6700va3,added
wet4024hw,added
dv25b6900ew/a2,added
t208vw,added
flce7522aw,added
gud24essmww,added
dve53bb8900ga3,added
dve60a9900v/a3,added
dve53bb8700va3,added
elte7600aw,added
wh46dbh500eva3,added
cet9000gq,added
gud27espmdg,added
cet9100gq,added
wh53dbh700efa3,added
gud27eesnww,added
txd160wp,added
swwe50n3,added
flce7523aw,added
wh53dbh700efa3,added
wd53dba900hza1,added
t208cw,added
t411vdw,added
t611vuw,added
t208hw,added
t411vdt,added
t411hsw,added
wkgx301hba,added
txi680wp,added
txr860wp,added
wet4027hw,added
cet9000gq,added
wet4027hw,added
wm3998hba,added
pdr 908 hp [el],added
pdr 908 hp [el],added
wetlv27hw,added
wet4124hw,added
cet9100gq,added
wet4024hw,added
dvg55cg7500e,added
dvg50bg8300va3,added
guv27essmww,added
twd 360 wp,added
wsgx201hna,added
dvg52a5500v/a3,added
dvg47cg3500v,added
wed4950hw,added
skk-9mcv,added
pfd95esptds,added
stackit24w,added
gfd55essnww,added
skk-9mct,added
skk-9mcd,added
dle6100w,added
wke100hwa,added
dvg55a7300e/a3,added
ptd90ebptrs,added
skk-8k,added
mvw5435pbk,added
wkhc152hwa,added
n/a,added
dve45b6300w,added
dvg45r6100c,added
dv25b6900ew/a2,added
n/a,added
wke100hva,added
elte7300aw,added
dve41a3000w/a3,added
wkex200hba,added
wh53dbh700efa3,added
stackit7x,added
dve55a7300e/a3,added
mgd5430pbk,added
dve41a3000w/a3,added
wa46cg3505av,added
wa54cg7105av,added
dve47cg3500w,added
skk-9mcg,added
swwg50n3,added
dsdr24f,added
skk-9ald,added
wdp6b,added
wdp5b,added
we502nv/us,added
dle7000w,added
epwd257utt,added
we402ne/a3,added
elpwd27ag,added
wfp2715hc,added
xhpc155mbk,added
dve50bg8300va3,added
wdps2b,added
wdp5k,added
dve45t3200w,added
whp1000vw,added
whp0400vw,added
wkex300hba,added
dlex5500v,added
dlex6500b,added
dlex6500w,added
dve50bg8300ea3,added
dve53bb8700ta3,added
dv25b6900hw/a2,added
dlex7900be,added
dve45t6020w/a3,added
n/a,added
